name,puan,fiyat,uzaklık
The City Suites,7.3,₺1.322,Kadıköy 4.1 km uzaklıkta
Mini Suite Otel,7.4,₺1.200,Kadıköy 3.6 km uzaklıkta
Dream Hill Business Deluxe Hotel,7.8,₺2.405,Kadıköy 5.9 km uzaklıkta
Anka Business Park,6.9,₺1.270,Kadıköy 5.2 km uzaklıkta
Kerthill Hotel,8.8,₺2.750,Kadıköy 2.8 km uzaklıkta
Rhiss Bostancı,8.0,₺2.415,Kadıköy 2.9 km uzaklıkta
Antwell,9.0,₺2.421,Kadıköy 3.0 km uzaklıkta
Cityloft 81,7.5,₺1.880,Kadıköy 5.1 km uzaklıkta
Mercure Istanbul Altunizade,8.0,₺4.553,Kadıköy 6.0 km uzaklıkta
Asia Business Suites,7.9,₺1.999,Kadıköy 2.2 km uzaklıkta
39 Kalamis Marina Hotel,9.1,₺5.676,Kadıköy 3.5 km uzaklıkta
Vois Hotel,7.6,₺1.149,Kadıköy 5.1 km uzaklıkta
The Hera Suite Hotels,5.8,₺829,Kadıköy 4.5 km uzaklıkta
Camlica Tower Hotel,8.4,₺1.550,Kadıköy 4.1 km uzaklıkta
Burgu Arjaan by Rotana Istanbul Asia,8.6,₺4.324,Kadıköy 6.7 km uzaklıkta
Kadikoy Bella,8.0,₺2.376,Kadıköy 5.0 km uzaklıkta
The Place Suites Ataşehir,8.5,₺3.199,Kadıköy 4.7 km uzaklıkta
Dila,8.0,₺3.327,Kadıköy 4.9 km uzaklıkta
Arkem Hotel 1,5.9,₺787,Kadıköy 4.9 km uzaklıkta
Juliet Rooms & Kitchen,8.4,₺4.562,Kadıköy 4.3 km uzaklıkta
Emirtimes Hotel Kadıköy,7.8,₺1.600,Kadıköy 4.9 km uzaklıkta
Residence Inn By Marriott Istanbul Atasehir,8.8,₺2.381,Kadıköy 5.8 km uzaklıkta
Parkhouse Hotel & Spa,8.4,₺4.342,Kadıköy 4.9 km uzaklıkta
Hotel Boutique Princess,7.2,₺1.459,Kadıköy 5.5 km uzaklıkta
Kadıköy Linda Hotel,8.7,₺1.417,Kadıköy 4.2 km uzaklıkta
Istanbul Life,8.9,₺2.986,Kadıköy 4.9 km uzaklıkta
Mezzo,8.3,₺1.436,Kadıköy 4.3 km uzaklıkta
Mercure Istanbul Ümraniye,8.2,₺3.052,Kadıköy 6.2 km uzaklıkta
Arkem Hotel 2,6.2,₺799,Kadıköy 5.0 km uzaklıkta
My Dora,8.9,₺2.963,Kadıköy 5.0 km uzaklıkta
Rubby Hotel Kadıköy,8.2,₺2.254,Kadıköy 4.5 km uzaklıkta
Volley Hotel Istanbul,7.8,₺4.436,Kadıköy 5.9 km uzaklıkta
My Kent Hotel,9.1,₺3.717,Kadıköy 4.9 km uzaklıkta
Khalkedon Hotel Istanbul,9.2,₺2.898,Kadıköy 4.9 km uzaklıkta
Crowne Plaza Istanbul - Oryapark,8.9,₺5.212,Kadıköy 6.0 km uzaklıkta
MaCity Hotel,7.6,₺1.300,Kadıköy 6.7 km uzaklıkta
Sarnıç Butik Otel,8.5,₺1.917,Kadıköy 5.0 km uzaklıkta
Sun Suites,8.6,₺1.771,Kadıköy 4.4 km uzaklıkta
Hotel Golden Siyav,8.3,₺3.221,Kadıköy 5.0 km uzaklıkta
Moda Drei,8.2,₺1.004,Kadıköy 4.4 km uzaklıkta
Grand As,7.8,₺1.687,Kadıköy 4.9 km uzaklıkta
Yolo Hostel Kadakoy,8.9,₺2.190,Kadıköy 4.9 km uzaklıkta
Belizia Hotel,9.2,₺1.932,Kadıköy 4.8 km uzaklıkta
Kutuban Hostel,5.3,₺950,Kadıköy 4.8 km uzaklıkta
Hotel Sirin Otel,6.9,₺1.288,Kadıköy 4.9 km uzaklıkta
Bosphorus Palace,9.2,₺5.979,Kadıköy 7.9 km uzaklıkta
Pasaport Pier Istanbul,7.0,₺1.071,Kadıköy 4.9 km uzaklıkta
An Otel,9.9,₺4.523,Kadıköy 4.9 km uzaklıkta
Kent Apart,6.0,₺1.288,Kadıköy 4.8 km uzaklıkta
Aydinoglu,7.6,₺2.415,Kadıköy 5.6 km uzaklıkta
Hush Hostel Lounge,8.4,₺1.438,Kadıköy 5.0 km uzaklıkta
The Marist Kadıköy,8.6,₺1.675,Kadıköy 4.9 km uzaklıkta
Redstone Hotel,7.6,₺1.769,Kadıköy 5.0 km uzaklıkta
Hotel Timya,8.3,₺1.932,Kadıköy 4.9 km uzaklıkta
Ayyildizlar,6.2,₺853,Kadıköy 4.9 km uzaklıkta
Puhu Otel,8.7,₺1.386,Kadıköy 4.9 km uzaklıkta
Valide-i Suit,5.3,₺1.560,Kadıköy 6.6 km uzaklıkta
Swissotel The Bosphorus,9.2,₺8.975,Kadıköy 9.8 km uzaklıkta
Çırağan Palace Kempinski,9.0,₺16.123,Kadıköy 9.1 km uzaklıkta
Elite Hotel Dragos,7.5,₺2.700,Kadıköy 8.9 km uzaklıkta
Crowne Plaza Istanbul Ortakoy Bosphorus,5.5,₺5.212,Kadıköy 9.0 km uzaklıkta
Ramada Plaza By Wyndham İstanbul City Center,8.1,₺3.839,Kadıköy 11.2 km uzaklıkta
Kalyon Hotel Istanbul,8.1,₺2.901,Kadıköy 8.9 km uzaklıkta
Gezi Hotel Bosphorus,9.0,₺5.410,Kadıköy 10.2 km uzaklıkta
Anastasia Meziki,9.2,₺2.550,Kadıköy 6.5 km uzaklıkta
May Otel Üsküdar,8.9,₺3.113,Kadıköy 7.5 km uzaklıkta
The Bosphorus House,8.4,₺1.895,Kadıköy 7.2 km uzaklıkta
Days Hotel By Wyndham Istanbul Maltepe,8.8,₺2.754,Kadıköy 8.6 km uzaklıkta
Sed Hotel Bosphorus,6.7,₺2.024,Kadıköy 9.8 km uzaklıkta
Biz Cevahir,9.2,₺2.581,Kadıköy 9.1 km uzaklıkta
Corner Hot,8.4,₺1.767,Kadıköy 9.0 km uzaklıkta
Cevahir Istanbul Asia,8.0,₺3.060,Kadıköy 8.4 km uzaklıkta
Legacy Ottoman Hotel,7.2,₺3.081,Kadıköy 9.9 km uzaklıkta
Zin D Sefin Aparts,7.9,₺668,Kadıköy 9.4 km uzaklıkta
Hotel Dara,7.2,₺2.884,Kadıköy 9.6 km uzaklıkta
Hotel Blue House,8.8,₺3.911,Kadıköy 9.1 km uzaklıkta
Bram Hotel Istanbul,10,₺25.501,Kadıköy 9.5 km uzaklıkta
The Haze Karakoy,7.9,₺2.100,Kadıköy 10.1 km uzaklıkta
Sultanahmet Palace,9.2,₺3.438,Kadıköy 9.2 km uzaklıkta
Aysem Sultan Hotel,7.8,₺1.137,Kadıköy 9.1 km uzaklıkta
Vogue Hotel Istanbul,9.2,₺3.845,Kadıköy 9.3 km uzaklıkta
Malta Bosphorus Hotel,7.9,₺2.332,Kadıköy 9.2 km uzaklıkta
Orient Express Hotel,8.3,₺2.093,Kadıköy 9.5 km uzaklıkta
GLK Premier Acropol Suites & Spa,8.8,₺2.665,Kadıköy 9.0 km uzaklıkta
Karakoy Aparts,7.4,₺2.673,Kadıköy 10.2 km uzaklıkta
Hotel Azade,8.1,₺2.125,Kadıköy 9.0 km uzaklıkta
Hotel Ayasultan,7.9,₺2.780,Kadıköy 9.6 km uzaklıkta
Hotel Sunlight,7.5,₺7.268,Kadıköy 9.9 km uzaklıkta
Seven Hills Palace Hotel,9.4,₺3.286,Kadıköy 9.0 km uzaklıkta
Hotel Tashkonak Istanbul,8.6,₺1.845,Kadıköy 9.2 km uzaklıkta
Amiral Palace,9.2,₺4.846,Kadıköy 9.0 km uzaklıkta
Ortaköy Hotel,7.9,₺4.336,Kadıköy 8.9 km uzaklıkta
Aprilis Hotel,8.1,₺3.181,Kadıköy 9.8 km uzaklıkta
Crowne Plaza Istanbul Old City,7.9,₺2.885,Kadıköy 11.0 km uzaklıkta
Jw Marriott Istanbul Bosphorus,9.2,₺9.352,Kadıköy 9.9 km uzaklıkta
Hôtel Lady Diana,8.0,₺2.142,Kadıköy 9.6 km uzaklıkta
White Pearl Apart,8.1,₺2.543,Kadıköy 9.6 km uzaklıkta
Poem,9.3,₺3.374,Kadıköy 9.0 km uzaklıkta
Erguvan,9.0,₺1.194,Kadıköy 9.5 km uzaklıkta
Dosso Dossi Hotels Old City,8.8,₺2.406,Kadıköy 9.4 km uzaklıkta
Yusufpaşa Konağı,8.3,₺1.717,Kadıköy 8.9 km uzaklıkta
Hotel Katelya,9.2,₺2.191,Kadıköy 9.3 km uzaklıkta
Apple Tree Hotel,8.5,₺1.196,Kadıköy 9.0 km uzaklıkta
Housez Suites,9.1,₺3.599,Kadıköy 9.8 km uzaklıkta
The Million Stone,8.8,₺2.860,Kadıköy 9.4 km uzaklıkta
Opera,8.0,₺3.631,Kadıköy 9.9 km uzaklıkta
Obelisk,9.4,₺3.695,Kadıköy 9.0 km uzaklıkta
InnPera,7.1,₺2.216,Kadıköy 10.2 km uzaklıkta
Grand Hotel Gulsoy,7.7,₺2.272,Kadıköy 11.1 km uzaklıkta
Manesol Old City Bosphorus,7.9,₺2.479,Kadıköy 9.8 km uzaklıkta
Hotel Cheya Besiktas & Suites,8.0,₺2.314,Kadıköy 9.8 km uzaklıkta
Ferman Port Hotel,9.0,₺2.578,Kadıköy 10.1 km uzaklıkta
Sultanhan,9.0,₺3.059,Kadıköy 9.7 km uzaklıkta
Meserret Palace Hotel,9.4,₺2.898,Kadıköy 9.7 km uzaklıkta
Meroddi Galata Mansion,8.4,₺1.508,Kadıköy 10.4 km uzaklıkta
"Hagia Sofia Mansions Istanbul, Curio Collection by Hilton",9.4,₺4.709,Kadıköy 9.2 km uzaklıkta
Sultanhan,9.1,₺3.059,Kadıköy 9.7 km uzaklıkta
Divan Istanbul,8.9,₺5.797,Kadıköy 10.5 km uzaklıkta
Dedeman Istanbul,6.5,₺3.259,Kadıköy 11.1 km uzaklıkta
Amethyst Hotel Istanbul,8.1,₺3.220,Kadıköy 11.2 km uzaklıkta
Hotel Alpek,8.6,₺2.556,Kadıköy 10.0 km uzaklıkta
Sirkeci Mansion,9.6,₺3.638,Kadıköy 9.4 km uzaklıkta
Anadolu Hotel Istanbul,7.9,₺1.325,Kadıköy 9.4 km uzaklıkta
Sümengen,8.0,₺1.865,Kadıköy 9.0 km uzaklıkta
Bosfora,8.2,₺1.811,Kadıköy 10.1 km uzaklıkta
Hotel Ibrahim Pasha,9.5,₺3.542,Kadıköy 9.5 km uzaklıkta
Ottoman Hotel Imperial,8.3,₺2.511,Kadıköy 9.2 km uzaklıkta
The Marmara Taksim,8.7,₺5.075,Kadıköy 10.2 km uzaklıkta
Hotel Uyan,8.4,₺6.084,Kadıköy 9.1 km uzaklıkta
Seven Hills Hotel,9.0,₺4.159,Kadıköy 9.1 km uzaklıkta
Ramada By Wyndham Istanbul Taksim,7.5,₺3.349,Kadıköy 10.6 km uzaklıkta
Nordstern Galata,8.9,₺3.188,Kadıköy 10.2 km uzaklıkta
Hotel Lalahan,8.9,₺2.646,Kadıköy 9.5 km uzaklıkta
Hotel Ipek Palas,7.0,₺1.952,Kadıköy 9.7 km uzaklıkta
Hotel Osmanhan,9.5,₺2.447,Kadıköy 9.0 km uzaklıkta
Nabu,8.8,₺2.435,Kadıköy 9.9 km uzaklıkta
Apex,8.8,₺2.319,Kadıköy 9.0 km uzaklıkta
Hotel Olimpiyat,8.1,₺1.503,Kadıköy 9.5 km uzaklıkta
Perapolis,8.1,₺1.934,Kadıköy 9.0 km uzaklıkta
Valide Sultan Konağı,9.1,₺3.013,Kadıköy 9.0 km uzaklıkta
Root Karakoy,7.7,₺2.853,Kadıköy 10.0 km uzaklıkta
Le Petit Palace hotel,8.8,₺3.362,Kadıköy 9.6 km uzaklıkta
Perula,8.6,₺2.284,Kadıköy 9.6 km uzaklıkta
Hotel Recital,8.8,₺2.773,Kadıköy 9.7 km uzaklıkta
Obahan Hotel,8.9,₺3.204,Kadıköy 9.2 km uzaklıkta
Senatus,9.2,₺2.157,Kadıköy 9.0 km uzaklıkta
Euro Design Hotel,9.0,₺2.739,Kadıköy 9.7 km uzaklıkta
Catch Hotel Sultanahmet,9.0,₺2.604,Kadıköy 9.0 km uzaklıkta
Radisson Hotel President Old Town - Istanbul,8.5,₺3.701,Kadıköy 10.3 km uzaklıkta
Mercure Istanbul Sirkeci,8.9,₺2.968,Kadıköy 9.8 km uzaklıkta
"Symbola Bosphorus ,Ortaköy",7.1,₺2.493,Kadıköy 9.2 km uzaklıkta
Innova Sultanahmet Istanbul,8.7,₺2.370,Kadıköy 9.8 km uzaklıkta
Ajwa Hotel Sultanahmet,9.7,₺9.007,Kadıköy 9.9 km uzaklıkta
Hotel Sirkeci Park,6.9,₺1.139,Kadıköy 9.6 km uzaklıkta
New Taksim Hotel,7.9,₺3.277,Kadıköy 11.0 km uzaklıkta
Great Fortune & Spa,6.8,₺2.667,Kadıköy 9.6 km uzaklıkta
Great Fortune Design Hotel,7.8,₺2.300,Kadıköy 9.8 km uzaklıkta
Hotel Novotel Istanbul Bosphorus,8.4,₺4.328,Kadıköy 9.9 km uzaklıkta
Tria Hotel Istanbul,7.6,₺4.208,Kadıköy 9.0 km uzaklıkta
Alilass,9.0,₺1.745,Kadıköy 9.0 km uzaklıkta
Dersaadet Hotel,9.4,₺3.333,Kadıköy 9.3 km uzaklıkta
Golden Horn Sultanahmet,8.1,₺2.619,Kadıköy 9.6 km uzaklıkta
Hotel Diamond Royal,7.1,₺3.246,Kadıköy 9.5 km uzaklıkta
Triada Hotel Taksim - Special Category,7.3,₺1.958,Kadıköy 10.3 km uzaklıkta
Taksim Prelude Hotel,8.2,₺2.169,Kadıköy 10.4 km uzaklıkta
Zimmer Bosphorus Hotel,6.8,₺3.153,Kadıköy 9.7 km uzaklıkta
Hotel The Central Palace Taksim,8.2,₺4.016,Kadıköy 10.5 km uzaklıkta
Hotel Aristocrat,8.5,₺2.702,Kadıköy 9.1 km uzaklıkta
Hotel Taxim Hill,6.9,₺2.219,Kadıköy 10.3 km uzaklıkta
Esans,9.2,₺2.087,Kadıköy 8.9 km uzaklıkta
Levni Hotel&SPA,8.8,₺3.401,Kadıköy 9.6 km uzaklıkta
Taksim Terrace,8.0,₺1.304,Kadıköy 10.7 km uzaklıkta
Magnova Studios,9.4,₺3.926,Kadıköy 10.6 km uzaklıkta
Hotel Best Western Empire Palace,7.8,₺2.425,Kadıköy 9.5 km uzaklıkta
Ilkay,8.0,₺2.048,Kadıköy 9.5 km uzaklıkta
Ferman Sultan,7.9,₺5.169,Kadıköy 9.6 km uzaklıkta
Hotel Lausos,7.8,₺3.082,Kadıköy 9.6 km uzaklıkta
Albinas Hotel Old City,9.0,₺1.913,Kadıköy 9.4 km uzaklıkta
Melas Hotel Istanbul,8.8,₺5.277,Kadıköy 11.6 km uzaklıkta
Antusa Palace Hotel&spa,9.0,₺2.004,Kadıköy 9.5 km uzaklıkta
Hotel Grand Hyatt Istanbul,8.8,₺5.681,Kadıköy 10.3 km uzaklıkta
Nayla Palace,7.7,₺2.638,Kadıköy 9.1 km uzaklıkta
Armagrandi Spina,8.5,₺2.089,Kadıköy 9.1 km uzaklıkta
Hotel Eurostars Old City,8.4,₺3.257,Kadıköy 9.7 km uzaklıkta
Antique Hostel,7.7,₺1.205,Kadıköy 9.1 km uzaklıkta
Armada Apartment,8.9,₺3.056,Kadıköy 8.8 km uzaklıkta
Yaşmak Sultan,9.0,₺3.109,Kadıköy 9.5 km uzaklıkta
Arife Sultan Hotel,8.5,₺1.546,Kadıköy 9.6 km uzaklıkta
Hotel Meroddi Bagdatliyan,8.2,₺1.728,Kadıköy 10.5 km uzaklıkta
Hotel Black Tulip,8.2,₺2.159,Kadıköy 9.5 km uzaklıkta
Tomtom Suites,9.7,₺5.970,Kadıköy 10.4 km uzaklıkta
Galatahan,8.8,₺1.138,Kadıköy 10.4 km uzaklıkta
Neorion,9.6,₺3.258,Kadıköy 9.6 km uzaklıkta
Hotel Armada Sultanahmet Istanbul,8.6,₺3.819,Kadıköy 8.8 km uzaklıkta
Golden Age Hotel Istanbul,6.9,₺2.306,Kadıköy 10.6 km uzaklıkta
Side Hotel,8.8,₺2.705,Kadıköy 9.1 km uzaklıkta
Hotel Istanbul Holiday,7.0,₺1.717,Kadıköy 9.4 km uzaklıkta
Hotel Sultans Royal,9.1,₺2.302,Kadıköy 9.4 km uzaklıkta
Peyk,9.4,₺3.396,Kadıköy 9.7 km uzaklıkta
Anjer Hotel Bosphorus,6.7,₺3.057,Kadıköy 9.7 km uzaklıkta
Modus,7.7,₺4.338,Kadıköy 10.9 km uzaklıkta
Naumpaşa Konağı,8.6,₺2.024,Kadıköy 10.3 km uzaklıkta
Ferman,8.7,₺2.214,Kadıköy 9.0 km uzaklıkta
Anemon Galata,8.4,₺2.771,Kadıköy 10.4 km uzaklıkta
Acar Suite Hotel,9.3,₺1.127,Kadıköy 9.3 km uzaklıkta
Hotel Dream Bosphorus,8.5,₺2.650,Kadıköy 9.5 km uzaklıkta
And Istanbul,8.9,₺3.449,Kadıköy 9.4 km uzaklıkta
Meroddi Barnathan Hotel,9.0,₺1.808,Kadıköy 10.4 km uzaklıkta
Hotel Sarı Konak,8.9,₺1.676,Kadıköy 9.0 km uzaklıkta
Bunkahaus,8.3,₺1.088,Kadıköy 10.4 km uzaklıkta
Meg Hotel,9.6,₺3.897,Kadıköy 9.5 km uzaklıkta
Hotel Régie Ottoman Istanbul,9.4,₺5.449,Kadıköy 9.8 km uzaklıkta
Spectra Hotel,8.6,₺2.224,Kadıköy 9.5 km uzaklıkta
Tan Hotel - Special Category,8.8,₺2.439,Kadıköy 9.5 km uzaklıkta
Piya Sport,8.6,₺2.659,Kadıköy 10.5 km uzaklıkta
Miniature,9.6,₺3.607,Kadıköy 9.6 km uzaklıkta
Witt Istanbul,9.8,₺6.279,Kadıköy 10.0 km uzaklıkta
Royan Suites,9.7,₺1.235,Kadıköy 9.0 km uzaklıkta
Grand Hotel De Pera,7.8,₺2.459,Kadıköy 10.7 km uzaklıkta
Anthemis,8.8,₺2.071,Kadıköy 9.5 km uzaklıkta
Sarnıç Hotel Istanbul,8.1,₺1.460,Kadıköy 9.3 km uzaklıkta
The Peak Hotel,7.0,₺2.309,Kadıköy 10.7 km uzaklıkta
Richmond Istanbul,8.3,₺3.178,Kadıköy 10.5 km uzaklıkta
Antik Hotel Istanbul,7.6,₺2.663,Kadıköy 10.5 km uzaklıkta
Rodamon Istanbul Hostel,6.8,₺1.317,Kadıköy 10.8 km uzaklıkta
Antusa Design Hotel & Spa,9.1,₺2.474,Kadıköy 9.4 km uzaklıkta
Mevlana,8.0,₺1.818,Kadıköy 9.1 km uzaklıkta
Istanbul Family Apartments,6.7,₺1.019,Kadıköy 10.3 km uzaklıkta
Arden City,8.4,₺2.898,Kadıköy 9.5 km uzaklıkta
Azade Premier,8.5,₺2.391,Kadıköy 9.0 km uzaklıkta
Nomade Exclusive,9.6,₺2.487,Kadıköy 9.1 km uzaklıkta
Hotel Azade - Boutique Class,8.2,₺2.125,Kadıköy 9.0 km uzaklıkta
Orient,9.5,₺4.122,Kadıköy 9.0 km uzaklıkta
Aren Suites,9.0,₺2.439,Kadıköy 9.3 km uzaklıkta
Celal Aga Konagi Suites & Spa Hotel,6.4,₺2.818,Kadıköy 11.0 km uzaklıkta
Hotel Seraglio,9.5,₺2.264,Kadıköy 9.0 km uzaklıkta
Hotel Meroddi Pera,8.2,₺2.800,Kadıköy 10.5 km uzaklıkta
Aybar Butik,8.6,₺2.210,Kadıköy 9.6 km uzaklıkta
Dilhayat Kalfa,9.2,₺2.218,Kadıköy 9.3 km uzaklıkta
Hotel Spinel,7.6,₺1.576,Kadıköy 8.9 km uzaklıkta
Hotel Fehmi Bey,8.4,₺2.434,Kadıköy 9.5 km uzaklıkta
Angel's Home,8.5,₺1.932,Kadıköy 9.0 km uzaklıkta
Hotel Nena,8.6,₺3.911,Kadıköy 9.6 km uzaklıkta
Hotel GLK Premier The Home Suites & Spa,8.4,₺2.372,Kadıköy 9.3 km uzaklıkta
Loor Hotel,7.0,₺5.346,Kadıköy 10.2 km uzaklıkta
Asmali Hotel,8.5,₺1.214,Kadıköy 9.4 km uzaklıkta
V Plus Taksim,7.0,₺1.928,Kadıköy 10.2 km uzaklıkta
Hotel Divalis,8.8,₺1.705,Kadıköy 9.1 km uzaklıkta
Victory & Spa,7.0,₺2.209,Kadıköy 10.4 km uzaklıkta
Ottoman's Pearl,7.6,₺1.607,Kadıköy 9.9 km uzaklıkta
Orka Royal Hotel & Spa,8.4,₺6.559,Kadıköy 9.5 km uzaklıkta
The Byzantium Suites,7.5,₺2.285,Kadıköy 9.0 km uzaklıkta
The Loft Istanbul,8.9,₺1.617,Kadıköy 10.4 km uzaklıkta
Hotel Darussaade Istanbul,9.2,₺2.099,Kadıköy 9.1 km uzaklıkta
White House,9.8,₺4.519,Kadıköy 9.5 km uzaklıkta
Hotel Sultan Tughra,8.4,₺1.668,Kadıköy 9.0 km uzaklıkta
Mim Istanbul,7.5,₺3.542,Kadıköy 10.9 km uzaklıkta
Adamar,9.0,₺3.159,Kadıköy 9.5 km uzaklıkta
Almina,8.1,₺2.012,Kadıköy 9.2 km uzaklıkta
Yilsam Sultanahmet Hotel,9.0,₺2.914,Kadıköy 9.6 km uzaklıkta
The Camelot Hotel,9.2,₺1.087,Kadıköy 8.9 km uzaklıkta
Celal Sultan Hotel,8.4,₺2.104,Kadıköy 9.4 km uzaklıkta
Hotel Sultania,9.6,₺2.554,Kadıköy 9.5 km uzaklıkta
Gül Sultan,8.6,₺1.749,Kadıköy 9.0 km uzaklıkta
Hotel Evsen,7.3,₺1.407,Kadıköy 9.5 km uzaklıkta
Grand Star Hotel Bosphorus,5.8,₺1.984,Kadıköy 10.2 km uzaklıkta
Hotel Zeynep Sultan,8.8,₺2.053,Kadıköy 9.4 km uzaklıkta
Hotel Premist,8.6,₺1.641,Kadıköy 8.9 km uzaklıkta
Green Parrot Hotel Istanbul,8.6,₺3.490,Kadıköy 9.8 km uzaklıkta
Santa Ottoman Butik,7.2,₺2.967,Kadıköy 10.4 km uzaklıkta
Hotel Sapphire,8.4,₺2.310,Kadıköy 9.5 km uzaklıkta
Marmara Deluxe,8.1,₺1.385,Kadıköy 9.6 km uzaklıkta
Recital Park Hotel,8.4,₺2.937,Kadıköy 9.8 km uzaklıkta
Saba Sultan,9.0,₺2.254,Kadıköy 9.0 km uzaklıkta
Charm,8.0,₺1.700,Kadıköy 9.1 km uzaklıkta
Villa Pera Suite,9.2,₺1.588,Kadıköy 10.7 km uzaklıkta
Hotel Sude Konak,7.6,₺1.830,Kadıköy 9.5 km uzaklıkta
Fairmont Quasar Istanbul,9.1,₺5.272,Kadıköy 11.6 km uzaklıkta
Hotel Golden Crown,7.2,₺1.705,Kadıköy 9.8 km uzaklıkta
Hotel Nomade,8.4,₺2.942,Kadıköy 9.4 km uzaklıkta
CVK Park Bosphorus Hotel Istanbul,8.8,₺8.278,Kadıköy 10.0 km uzaklıkta
Hotel Star Holiday,7.4,₺1.872,Kadıköy 9.4 km uzaklıkta
Royal Galata Hotel,8.4,₺2.666,Kadıköy 10.2 km uzaklıkta
Hotel Avantgarde Levent,8.3,₺3.536,Kadıköy 11.6 km uzaklıkta
Hotel Niles Istanbul,9.3,₺3.607,Kadıköy 10.3 km uzaklıkta
Arena,8.6,₺2.536,Kadıköy 9.6 km uzaklıkta
Seres Hotel,7.8,₺1.770,Kadıköy 9.5 km uzaklıkta
Agora Guesthouse & Hostel,9.2,₺2.216,Kadıköy 9.0 km uzaklıkta
La Vida Hotel,9.4,₺2.213,Kadıköy 9.1 km uzaklıkta
Tzl Suites,9.2,₺6.591,Kadıköy 11.0 km uzaklıkta
Nowy Efendi,8.8,₺2.687,Kadıköy 9.6 km uzaklıkta
Hotel Dencity,7.1,₺1.715,Kadıköy 11.0 km uzaklıkta
Sanat Pera,7.3,₺1.932,Kadıköy 10.6 km uzaklıkta
Golden Royal Cemberlitas,9.2,₺3.552,Kadıköy 9.8 km uzaklıkta
Hotel TurkArt,8.4,₺1.727,Kadıköy 9.1 km uzaklıkta
Broken Column,7.3,₺1.716,Kadıköy 9.0 km uzaklıkta
Villa Zurih,7.4,₺2.113,Kadıköy 10.0 km uzaklıkta
Aruna,7.6,₺1.391,Kadıköy 8.9 km uzaklıkta
Maritime Hotel,7.9,₺2.252,Kadıköy 9.4 km uzaklıkta
Milport Hotel Levent,7.6,₺2.737,Kadıköy 11.6 km uzaklıkta
Albatros Hagia Sophia,7.9,₺2.608,Kadıköy 9.5 km uzaklıkta
Antea Palace,7.9,₺2.437,Kadıköy 9.7 km uzaklıkta
Gulhanepark Hotel,7.6,₺2.293,Kadıköy 9.5 km uzaklıkta
Nish Suite Atasehir,8.2,₺1.678,Kadıköy 10.1 km uzaklıkta
Sirkeci Gar,9.0,₺1.283,Kadıköy 9.7 km uzaklıkta
Nena Istanbul,8.9,₺3.911,Kadıköy 9.6 km uzaklıkta
Taksim Metropark,8.2,₺1.868,Kadıköy 10.2 km uzaklıkta
The Galataport Hotel,6.7,₺1.928,Kadıköy 10.5 km uzaklıkta
Home Stay Home Şişli,8.0,₺2.570,Kadıköy 11.7 km uzaklıkta
Güleç Hotel,7.8,₺2.009,Kadıköy 9.7 km uzaklıkta
Küpeli Hotel,8.7,₺2.133,Kadıköy 9.8 km uzaklıkta
Hotel Ipekyolu,8.2,₺3.065,Kadıköy 8.8 km uzaklıkta
Muyan Suites,9.4,₺2.353,Kadıköy 9.7 km uzaklıkta
Comfort Suite Istiklal,9.0,₺3.610,Kadıköy 10.3 km uzaklıkta
Otel,7.4,₺1.829,Kadıköy 9.5 km uzaklıkta
Sisli The Place Suites,8.1,₺2.014,Kadıköy 11.5 km uzaklıkta
Azade Suites,8.3,₺2.415,Kadıköy 9.0 km uzaklıkta
Grand Halic,6.8,₺1.766,Kadıköy 10.7 km uzaklıkta
Sokullu Paşa Hotel,8.6,₺2.377,Kadıköy 9.6 km uzaklıkta
Kybele,9.1,₺1.752,Kadıköy 9.4 km uzaklıkta
Romance Istanbul Hotel,9.5,₺4.618,Kadıköy 9.5 km uzaklıkta
Hotel Leyenda Istanbul,7.8,₺1.328,Kadıköy 9.8 km uzaklıkta
Hotel Buyukada Cankaya,8.7,₺1.750,Kadıköy 12.6 km uzaklıkta
Amisos The Boutique,8.9,₺2.463,Kadıköy 9.4 km uzaklıkta
Manesol Galata Boutique Hotel,7.6,₺1.299,Kadıköy 10.3 km uzaklıkta
Hipodrom Hotel,7.9,₺2.185,Kadıköy 9.1 km uzaklıkta
Hotel Cartoon,6.3,₺1.799,Kadıköy 10.5 km uzaklıkta
Hypnos Design Hotel,8.8,₺2.366,Kadıköy 9.5 km uzaklıkta
Hotel Selenay,6.9,₺1.301,Kadıköy 10.5 km uzaklıkta
Santa Sophia Sultanahmet,4.8,₺683,Kadıköy 9.8 km uzaklıkta
Czn Burak Hotel,8.2,₺4.831,Kadıköy 10.3 km uzaklıkta
cumbaliplaza,6.3,₺1.199,Kadıköy 11.0 km uzaklıkta
La Pazza Suites,4.4,₺999,Kadıköy 10.2 km uzaklıkta
And,8.4,₺3.449,Kadıköy 9.4 km uzaklıkta
Istanbul Central,7.0,₺1.845,Kadıköy 9.7 km uzaklıkta
Faros Old City,8.3,₺2.903,Kadıköy 9.6 km uzaklıkta
Hotel Emek,7.0,₺1.492,Kadıköy 9.5 km uzaklıkta
Harmony Hotel Istanbul,7.8,₺4.779,Kadıköy 9.5 km uzaklıkta
Aprilis Gold,8.4,₺2.342,Kadıköy 9.9 km uzaklıkta
Magnaura House,8.3,₺2.300,Kadıköy 9.0 km uzaklıkta
Hotel Nova Plaza Taksim Square,6.8,₺2.253,Kadıköy 10.5 km uzaklıkta
Hotel Septimum,7.9,₺2.840,Kadıköy 9.6 km uzaklıkta
Hotel Aldem,7.6,₺1.570,Kadıköy 9.5 km uzaklıkta
Senator Hotel Taksim,8.6,₺3.038,Kadıköy 10.5 km uzaklıkta
Ada Istanbul,9.2,₺1.498,Kadıköy 9.6 km uzaklıkta
Green Palmiye Otel,7.7,₺749,Kadıköy 9.8 km uzaklıkta
Know Hostel,8.7,₺2.174,Kadıköy 9.6 km uzaklıkta
Grand Yavuz Hotel,7.2,₺3.365,Kadıköy 9.9 km uzaklıkta
Asur Hotel,8.5,₺2.185,Kadıköy 9.6 km uzaklıkta
Mytra Hotel,8.4,₺2.275,Kadıköy 8.9 km uzaklıkta
Hotel Modern Sultan,8.6,₺1.651,Kadıköy 9.4 km uzaklıkta
Eastanbulsuite,9.0,₺4.457,Kadıköy 9.1 km uzaklıkta
Faik Pasha Suites Special Category,8.8,₺3.549,Kadıköy 10.3 km uzaklıkta
Ottoman Luxury,5.1,₺2.448,Kadıköy 9.4 km uzaklıkta
Ahmet Efendi Evi,8.9,₺1.095,Kadıköy 9.0 km uzaklıkta
Venue Istanbul,8.9,₺1.300,Kadıköy 9.9 km uzaklıkta
Four Doors Istanbul,8.9,₺2.738,Kadıköy 9.7 km uzaklıkta
Galata M84,9.1,₺4.458,Kadıköy 10.6 km uzaklıkta
Holiday Inn Istanbul Sisli,8.4,₺3.145,Kadıköy 11.9 km uzaklıkta
Burckin Hotel,7.4,₺1.310,Kadıköy 9.6 km uzaklıkta
Yüksel,7.5,₺14.471,Kadıköy 10.8 km uzaklıkta
Vicenza,7.8,₺1.862,Kadıköy 11.1 km uzaklıkta
Naz City,8.4,₺7.086,Kadıköy 10.9 km uzaklıkta
Hotel Sultanahmet,6.8,₺1.683,Kadıköy 9.4 km uzaklıkta
Prestige Hotel Istanbul,7.1,₺2.906,Kadıköy 11.0 km uzaklıkta
Hotel DeCamondo,9.6,₺5.519,Kadıköy 10.3 km uzaklıkta
Miller,8.9,₺4.739,Kadıköy 10.1 km uzaklıkta
Pell Palace Hotel & Spa,8.7,₺4.017,Kadıköy 9.9 km uzaklıkta
Mr. Bird,8.6,₺1.900,Kadıköy 9.6 km uzaklıkta
Cihangir,8.4,₺3.130,Kadıköy 10.1 km uzaklıkta
Alzer,8.4,₺1.995,Kadıköy 9.5 km uzaklıkta
Yeni Hotel,7.5,₺957,Kadıköy 9.5 km uzaklıkta
Amira Hotel,9.7,₺2.386,Kadıköy 9.4 km uzaklıkta
Hali,6.8,₺2.575,Kadıköy 9.6 km uzaklıkta
Primero,9.4,₺1.745,Kadıköy 9.9 km uzaklıkta
Lausos Palace,4.7,₺3.063,Kadıköy 11.3 km uzaklıkta
Premist Hotels Taksim,8.1,₺1.968,Kadıköy 10.4 km uzaklıkta
Hotel Sultan House,7.7,₺1.664,Kadıköy 9.5 km uzaklıkta
Seher,6.7,₺1.460,Kadıköy 9.5 km uzaklıkta
Puffin Suits,7.6,₺2.083,Kadıköy 9.6 km uzaklıkta
No11 Hotel & Apartments,8.5,₺1.932,Kadıköy 10.6 km uzaklıkta
Hotel Garden House Istanbul,8.7,₺1.805,Kadıköy 9.6 km uzaklıkta
Büyük Londra Oteli,7.1,₺1.949,Kadıköy 10.7 km uzaklıkta
Beethoven Premium Hotel,8.7,₺3.675,Kadıköy 11.1 km uzaklıkta
Hotel Novano,9.1,₺1.900,Kadıköy 9.1 km uzaklıkta
Emirhan Inn,7.8,₺1.304,Kadıköy 9.7 km uzaklıkta
Hotel Blue Tuana,7.1,₺1.293,Kadıköy 9.1 km uzaklıkta
Bufes,3.4,₺783,Kadıköy 9.1 km uzaklıkta
Hotel Grand Washington,6.7,₺2.545,Kadıköy 11.1 km uzaklıkta
Alpinn Hotel,8.0,₺2.284,Kadıköy 10.3 km uzaklıkta
Royal Bosphorus Hotel,6.6,₺1.346,Kadıköy 9.5 km uzaklıkta
Hotel Le Safran Suite - Boutique Class,6.8,₺1.415,Kadıköy 9.4 km uzaklıkta
The Craton,7.9,₺3.172,Kadıköy 12.0 km uzaklıkta
Hippodrome Hotel,8.0,₺1.617,Kadıköy 9.0 km uzaklıkta
Hotel Bellezza,8.6,₺2.133,Kadıköy 9.3 km uzaklıkta
Hera Montagna Hotel,6.9,₺1.181,Kadıköy 10.9 km uzaklıkta
Business Life Butik,8.4,₺2.665,Kadıköy 11.5 km uzaklıkta
Elanaz Hotel,9.1,₺1.960,Kadıköy 9.6 km uzaklıkta
Boss Sultanahmet,9.0,₺1.458,Kadıköy 9.8 km uzaklıkta
Park By Clover,8.6,₺2.000,Kadıköy 11.0 km uzaklıkta
Kaftan,8.0,₺1.315,Kadıköy 9.0 km uzaklıkta
Golden Pen,7.8,₺1.880,Kadıköy 9.6 km uzaklıkta
Ragip Pasha Apartments,8.1,₺1.865,Kadıköy 10.5 km uzaklıkta
Hotel Mara Istanbul,6.3,₺893,Kadıköy 10.5 km uzaklıkta
Hotel Akcinar,7.6,₺1.771,Kadıköy 9.6 km uzaklıkta
Nayla Palace,6.4,₺2.634,Kadıköy 9.1 km uzaklıkta
Ottomarin,7.5,₺1.197,Kadıköy 9.1 km uzaklıkta
Sub Karaköy - Special Class,8.4,₺1.811,Kadıköy 10.0 km uzaklıkta
Antis Special Class,7.4,₺2.255,Kadıköy 9.1 km uzaklıkta
Hotel Pierre Loti,8.2,₺4.951,Kadıköy 9.7 km uzaklıkta
Tulip Guesthouse,8.8,₺1.173,Kadıköy 8.9 km uzaklıkta
Samir,7.6,₺2.153,Kadıköy 10.9 km uzaklıkta
Istanbul Sirkeci,5.8,₺2.436,Kadıköy 9.6 km uzaklıkta
Marmara Guest House Istanbul,9.4,₺1.578,Kadıköy 8.9 km uzaklıkta
Hotel Han,8.2,₺1.159,Kadıköy 9.4 km uzaklıkta
Vita Suites Karaköy,7.8,₺1.842,Kadıköy 10.2 km uzaklıkta
Queens Land Istanbul,7.6,₺1.956,Kadıköy 9.7 km uzaklıkta
Acra Hotel,8.8,₺1.528,Kadıköy 9.0 km uzaklıkta
Deluxe Newport,7.7,₺1.112,Kadıköy 9.9 km uzaklıkta
Viva Deluxe Hotel,7.0,₺1.201,Kadıköy 9.6 km uzaklıkta
Aura Suites,7.6,₺6.473,Kadıköy 11.0 km uzaklıkta
Cihangir Palace Istanbul,6.5,₺1.474,Kadıköy 9.9 km uzaklıkta
Chakra Suites,9.0,₺2.800,Kadıköy 10.3 km uzaklıkta
Daru Sultan Galata,8.7,₺4.243,Kadıköy 10.7 km uzaklıkta
Saruhan,9.4,₺1.893,Kadıköy 9.8 km uzaklıkta
Collage Taksim Hotel,8.5,₺1.485,Kadıköy 10.5 km uzaklıkta
Nexthouse Pera,8.6,₺2.782,Kadıköy 10.6 km uzaklıkta
Berjer Boutique & Spa,9.1,₺2.534,Kadıköy 10.8 km uzaklıkta
Room Mate Emir,9.0,₺4.409,Kadıköy 10.4 km uzaklıkta
Hotel Crystal Istanbul,7.3,₺3.558,Kadıköy 10.5 km uzaklıkta
Kare Hotel Sultanahmet,9.4,₺2.631,Kadıköy 9.8 km uzaklıkta
Skyblue Istanbul Hotel,7.6,₺1.200,Kadıköy 9.8 km uzaklıkta
Suiteness Taksim Hotel,7.4,₺2.124,Kadıköy 10.2 km uzaklıkta
Feronya,7.3,₺1.897,Kadıköy 10.7 km uzaklıkta
Golden Horn istanbul,7.8,₺1.360,Kadıköy 9.6 km uzaklıkta
Ambassador Hotel Istanbul,8.5,₺2.065,Kadıköy 9.4 km uzaklıkta
Grand Marcello,8.8,₺2.076,Kadıköy 9.8 km uzaklıkta
Holiday Inn Istanbul Old city,8.6,₺2.561,Kadıköy 11.3 km uzaklıkta
Hotel Collage Pera,8.3,₺1.498,Kadıköy 10.6 km uzaklıkta
Zeyn Otel,9.8,₺1.490,Kadıköy 9.7 km uzaklıkta
Hotel Momento,8.3,₺2.307,Kadıköy 10.5 km uzaklıkta
Jurnal Hotel,6.8,₺1.139,Kadıköy 10.6 km uzaklıkta
Hotel Turkoman,8.2,₺1.288,Kadıköy 9.5 km uzaklıkta
Seminal,6.0,₺2.696,Kadıköy 10.5 km uzaklıkta
Cher Hotel & Spa,7.5,₺3.747,Kadıköy 11.1 km uzaklıkta
Sea Mansion Suites & Spa,9.0,₺2.571,Kadıköy 9.3 km uzaklıkta
Turk Art Hotel,7.6,₺2.152,Kadıköy 9.1 km uzaklıkta
Emine Sultan Hotel,8.2,₺1.287,Kadıköy 9.3 km uzaklıkta
Elibol,7.8,₺2.029,Kadıköy 10.6 km uzaklıkta
Enderun Hotel Istanbul,8.6,₺1.708,Kadıköy 10.2 km uzaklıkta
Ada Suites Nisantasi,9.7,₺3.364,Kadıköy 11.0 km uzaklıkta
La Villa,7.6,₺2.010,Kadıköy 10.6 km uzaklıkta
Arena Special Class,7.4,₺2.182,Kadıköy 9.6 km uzaklıkta
The Roomy Hotel Nişantaşı,7.2,₺2.410,Kadıköy 11.2 km uzaklıkta
Cape Palace Hotel,9.2,₺2.456,Kadıköy 9.0 km uzaklıkta
Ottomania Hotel,8.3,₺1.722,Kadıköy 9.4 km uzaklıkta
Ada Palas Butik Hotel Buyukada,9.4,₺1.622,Kadıköy 12.5 km uzaklıkta
Istanbul Box,7.6,₺2.236,Kadıköy 11.1 km uzaklıkta
Artefes,7.2,₺1.465,Kadıköy 9.4 km uzaklıkta
The White Orient,8.5,₺2.363,Kadıköy 10.8 km uzaklıkta
Gedik Paşa Konağı,6.4,₺1.481,Kadıköy 10.1 km uzaklıkta
Ravi Hotel,9.7,₺2.383,Kadıköy 9.6 km uzaklıkta
Beşiktaş The Capital Suites,7.7,₺1.920,Kadıköy 9.7 km uzaklıkta
Sehir Old City,7.0,₺2.038,Kadıköy 9.6 km uzaklıkta
Istasyon,8.1,₺2.365,Kadıköy 9.6 km uzaklıkta
Shabby Guesthouse,6.0,₺976,Kadıköy 9.0 km uzaklıkta
Hotel Artefes,8.6,₺1.308,Kadıköy 9.4 km uzaklıkta
Weingart Port Hotel,7.0,₺1.540,Kadıköy 10.1 km uzaklıkta
Edition Old City Hotel,8.2,₺2.180,Kadıköy 10.5 km uzaklıkta
Alis Residence,8.6,₺1.644,Kadıköy 9.5 km uzaklıkta
Hotel Magnificent,6.3,₺686,Kadıköy 9.6 km uzaklıkta
Blu Istanbul,6.0,₺926,Kadıköy 9.5 km uzaklıkta
Hotel Grand Liza,6.3,₺1.221,Kadıköy 10.3 km uzaklıkta
Sunrise Istanbul Suites,5.8,₺1.128,Kadıköy 9.6 km uzaklıkta
Hotel Inter Istanbul,7.7,₺2.352,Kadıköy 10.4 km uzaklıkta
Hotellino,8.9,₺2.026,Kadıköy 9.5 km uzaklıkta
Rose Bouquets Hotel,4.8,₺1.243,Kadıköy 9.5 km uzaklıkta
Ravi Hotel,9.6,₺2.507,Kadıköy 9.5 km uzaklıkta
Venera,7.6,₺3.349,Kadıköy 10.8 km uzaklıkta
Antea Hotel Oldcity,7.8,₺1.751,Kadıköy 9.7 km uzaklıkta
Abella,4.2,₺1.285,Kadıköy 9.3 km uzaklıkta
Best Nobel,6.9,₺1.177,Kadıköy 9.6 km uzaklıkta
Sultan Hostel,8.0,₺833,Kadıköy 9.0 km uzaklıkta
Bizim,8.0,₺2.550,Kadıköy 10.1 km uzaklıkta
Centrum,8.0,₺1.975,Kadıköy 9.6 km uzaklıkta
Ansen Suites,9.0,₺4.621,Kadıköy 10.7 km uzaklıkta
Hotel Venera,7.4,₺1.691,Kadıköy 10.8 km uzaklıkta
Homelike,8.6,₺2.458,Kadıköy 11.3 km uzaklıkta
Manesol Old City Bosphorus,7.8,₺2.484,Kadıköy 9.8 km uzaklıkta
Amber Hotel Istanbul,7.2,₺1.391,Kadıköy 10.2 km uzaklıkta
Hotel Miran,8.4,₺1.964,Kadıköy 9.8 km uzaklıkta
Ayasofya,5.7,₺892,Kadıköy 9.6 km uzaklıkta
Movenpick Hotel Istanbul Bosphorus,8.6,₺4.869,Kadıköy 10.9 km uzaklıkta
AKKA Lush Taksim,8.0,₺2.396,Kadıköy 10.2 km uzaklıkta
Petros Hotel,8.9,₺2.106,Kadıköy 10.7 km uzaklıkta
Asitane Life,4.8,₺817,Kadıköy 9.9 km uzaklıkta
Askoc,7.3,₺2.106,Kadıköy 9.6 km uzaklıkta
Sirkeci Quietness Hotel,8.0,₺1.666,Kadıköy 9.6 km uzaklıkta
Rixos Pera Istanbul,8.9,₺5.442,Kadıköy 10.8 km uzaklıkta
Tashkonak Studio Suites,8.0,₺1.362,Kadıköy 9.2 km uzaklıkta
Villa Sweet Hotel,8.9,₺3.542,Kadıköy 9.6 km uzaklıkta
Mount Ararat Hotel,7.6,₺1.192,Kadıköy 10.2 km uzaklıkta
Ramada Istanbul Grand Bazaar,7.3,₺2.576,Kadıköy 11.3 km uzaklıkta
Kafkas Hotel İstanbul,7.2,₺878,Kadıköy 9.6 km uzaklıkta
Hotel Tria Elegance,8.0,₺6.956,Kadıköy 9.1 km uzaklıkta
Bucoleon,6.8,₺2.894,Kadıköy 9.4 km uzaklıkta
Halifaks Istanbul,8.8,₺2.501,Kadıköy 11.6 km uzaklıkta
Akka Suite Taksim,8.6,₺2.264,Kadıköy 10.4 km uzaklıkta
Gallery Residence,8.3,₺3.116,Kadıköy 11.1 km uzaklıkta
Oldcity Viva Hotel,6.4,₺2.295,Kadıköy 9.6 km uzaklıkta
Taksim Star,6.3,₺1.690,Kadıköy 10.2 km uzaklıkta
Sirkeci Esen Hotel,6.5,₺1.771,Kadıköy 9.6 km uzaklıkta
Endless Suites Taksim,7.4,₺2.037,Kadıköy 10.7 km uzaklıkta
Vizyon City,5.3,₺2.673,Kadıköy 9.9 km uzaklıkta
Beethoven & Suite,9.3,₺3.669,Kadıköy 10.4 km uzaklıkta
Danis Hotel,8.0,₺2.858,Kadıköy 11.1 km uzaklıkta
Favori,8.2,₺2.442,Kadıköy 11.5 km uzaklıkta
Sultan Mehmed,9.8,₺3.381,Kadıköy 9.4 km uzaklıkta
Hotel Zurich Istanbul,8.1,₺2.474,Kadıköy 11.0 km uzaklıkta
Ilkbal Deluxe Hotel,6.1,₺2.217,Kadıköy 10.9 km uzaklıkta
Q Inn Old City,7.5,₺1.052,Kadıköy 9.5 km uzaklıkta
RAMADA ENCORE BY WYNDHAM ISTANBUL SISLI,9.4,₺3.045,Kadıköy 12.0 km uzaklıkta
Carina Gold Hotel,9.7,₺3.088,Kadıköy 9.8 km uzaklıkta
Hotel Cihangir Ceylan Suite,6.6,₺2.607,Kadıköy 10.0 km uzaklıkta
Tophane Suites,8.6,₺2.306,Kadıköy 10.1 km uzaklıkta
Next2,8.2,₺2.464,Kadıköy 10.4 km uzaklıkta
Best Nobel Hotel Istanbul,6.3,₺1.683,Kadıköy 9.6 km uzaklıkta
Golden Horn - Special Class,8.0,₺1.770,Kadıköy 9.6 km uzaklıkta
Rooms Inn Taxim,7.7,₺2.550,Kadıköy 10.6 km uzaklıkta
Hotel Port Tophane-I Amire,8.2,₺1.868,Kadıköy 10.0 km uzaklıkta
Hammamhane,10,₺2.809,Kadıköy 10.3 km uzaklıkta
Just Inn,7.7,₺1.149,Kadıköy 9.6 km uzaklıkta
Valens Hotel Downtown,6.9,₺2.892,Kadıköy 11.6 km uzaklıkta
Emporium Hotel,7.6,₺1.997,Kadıköy 10.6 km uzaklıkta
Lime Garden Hotel,7.2,₺2.464,Kadıköy 10.4 km uzaklıkta
Balin,7.8,₺2.132,Kadıköy 10.4 km uzaklıkta
Hotel Taxim Lounge,8.2,₺2.234,Kadıköy 10.4 km uzaklıkta
Black Bird,7.9,₺2.046,Kadıköy 11.2 km uzaklıkta
Novus Pera Hotel,9.4,₺2.679,Kadıköy 10.7 km uzaklıkta
Hotel Merial,8.8,₺2.380,Kadıköy 9.5 km uzaklıkta
Beyazithan Suites,7.7,₺1.391,Kadıköy 10.1 km uzaklıkta
Yusuf Bereket,8.8,₺2.920,Kadıköy 9.8 km uzaklıkta
Gulhanepark Hotel & Spa Istanbul,7.6,₺1.664,Kadıköy 9.5 km uzaklıkta
Nabu Hotel Karaköy,8.6,₺1.882,Kadıköy 10.0 km uzaklıkta
Pera Parma,8.4,₺2.763,Kadıköy 10.7 km uzaklıkta
Jakaranda Hotel,7.9,₺1.884,Kadıköy 10.2 km uzaklıkta
Taksim Premium Hotel,7.4,₺1.943,Kadıköy 10.5 km uzaklıkta
Azzap Hotel Galata,9.1,₺3.117,Kadıköy 10.3 km uzaklıkta
Hotel Taksimdays,8.8,₺1.925,Kadıköy 9.8 km uzaklıkta
Raymond Hotel,8.0,₺4.405,Kadıköy 9.5 km uzaklıkta
Dora Pera Hotel,8.5,₺2.710,Kadıköy 10.7 km uzaklıkta
Millennium Istanbul Golden Horn,9.0,₺2.892,Kadıköy 13.4 km uzaklıkta
Taximtown,6.9,₺1.916,Kadıköy 10.5 km uzaklıkta
Royal Tophane,8.4,₺2.087,Kadıköy 10.0 km uzaklıkta
Taksimbul Design Hotel,9.8,₺2.093,Kadıköy 10.2 km uzaklıkta
Valide Osmanbey Şişli,6.8,₺1.775,Kadıköy 11.5 km uzaklıkta
The Marions,8.3,₺2.319,Kadıköy 10.1 km uzaklıkta
Puffin Hostel Istanbul,8.7,₺1.779,Kadıköy 9.7 km uzaklıkta
Hotel Surmeli Istanbul,6.5,₺2.869,Kadıköy 11.6 km uzaklıkta
Elyka Hotel,9.1,₺2.035,Kadıköy 10.3 km uzaklıkta
Old City Sultanahmet,6.0,₺974,Kadıköy 9.8 km uzaklıkta
Novel hotel,9.0,₺2.247,Kadıköy 10.9 km uzaklıkta
Hotel City Center,5.1,₺2.185,Kadıköy 10.2 km uzaklıkta
Hotel Agan,7.9,₺1.220,Kadıköy 9.6 km uzaklıkta
Galata Dream Hotel,7.6,₺2.153,Kadıköy 10.8 km uzaklıkta
World House Boutique Hotel,8.5,₺3.854,Kadıköy 10.4 km uzaklıkta
Hotel Grand Madrid,7.2,₺2.542,Kadıköy 11.0 km uzaklıkta
Regno Hotel,7.8,₺4.337,Kadıköy 11.9 km uzaklıkta
Hotel Darkhill,7.1,₺1.817,Kadıköy 10.8 km uzaklıkta
Santra Hotel,7.6,₺2.093,Kadıköy 11.3 km uzaklıkta
Hotel Meddusa,6.7,₺1.449,Kadıköy 9.6 km uzaklıkta
Hotel Grand Esen,7.0,₺1.298,Kadıköy 9.6 km uzaklıkta
Aleph Istanbul,6.7,₺909,Kadıköy 9.6 km uzaklıkta
Moss Suites,7.4,₺3.805,Kadıköy 10.5 km uzaklıkta
Sultan Corner Suites,7.5,₺2.583,Kadıköy 9.3 km uzaklıkta
The Legend Platine Suite,8.2,₺1.197,Kadıköy 10.4 km uzaklıkta
Valens Hotel Downtown,6.9,₺2.892,Kadıköy 11.6 km uzaklıkta
Milord Hotel,8.0,₺3.864,Kadıköy 11.8 km uzaklıkta
Safran Suites,8.7,₺1.098,Kadıköy 9.4 km uzaklıkta
Kent Istanbul,8.6,₺2.583,Kadıköy 10.7 km uzaklıkta
Kadirga Antik Hotel,6.6,₺1.130,Kadıköy 9.8 km uzaklıkta
Pege Hotel,9.3,₺2.562,Kadıköy 9.5 km uzaklıkta
Istport Hotel,8.6,₺1.483,Kadıköy 9.8 km uzaklıkta
Maroon Tomtom,7.3,₺1.656,Kadıköy 10.6 km uzaklıkta
Dundar Hotel Spa,7.0,₺1.692,Kadıköy 10.5 km uzaklıkta
Hotel Klas,7.0,₺1.996,Kadıköy 11.0 km uzaklıkta
Saba,9.5,₺1.402,Kadıköy 9.5 km uzaklıkta
Eliza Hotel Istanbul,8.5,₺2.956,Kadıköy 10.0 km uzaklıkta
Antik Sofia,8.3,₺1.731,Kadıköy 9.6 km uzaklıkta
The Hotel Beyaz Saray & Spa,7.6,₺1.932,Kadıköy 10.4 km uzaklıkta
38 Hotel,8.7,₺2.549,Kadıköy 11.8 km uzaklıkta
Carlton Hotel Istanbul,5.7,₺1.505,Kadıköy 11.1 km uzaklıkta
Hotel Tulip House,7.6,₺836,Kadıköy 9.7 km uzaklıkta
Beethoven Istanbul,8.2,₺3.084,Kadıköy 11.1 km uzaklıkta
Astan Hotel Taksim,8.8,₺1.739,Kadıköy 10.2 km uzaklıkta
Ahmet Efendi Konağı,7.7,₺1.610,Kadıköy 10.3 km uzaklıkta
A Plus Residence,6.5,₺1.118,Kadıköy 10.6 km uzaklıkta
White Monarch,5.5,₺4.954,Kadıköy 11.9 km uzaklıkta
Regard,7.8,₺2.371,Kadıköy 11.2 km uzaklıkta
Oldcity Viva,6.8,₺1.186,Kadıköy 9.6 km uzaklıkta
Nusretbey Hotel,8.8,₺1.782,Kadıköy 9.8 km uzaklıkta
Ferman Hilal,7.4,₺2.056,Kadıköy 10.6 km uzaklıkta
Hotel Pera,7.2,₺2.763,Kadıköy 10.6 km uzaklıkta
Gulliver Mansion Hotel,9.0,₺1.764,Kadıköy 9.8 km uzaklıkta
Gatto Residence,9.3,₺3.174,Kadıköy 11.8 km uzaklıkta
Mataraci Konak,8.5,₺1.458,Kadıköy 9.6 km uzaklıkta
Hotel Baykal,7.8,₺7.702,Kadıköy 9.8 km uzaklıkta
Romantic Mansion,7.5,₺1.881,Kadıköy 9.4 km uzaklıkta
Grand Yavuz,4.5,₺1.948,Kadıköy 9.9 km uzaklıkta
Taxim Express,6.9,₺2.512,Kadıköy 10.8 km uzaklıkta
Arti Hotel,5.2,₺1.288,Kadıköy 9.8 km uzaklıkta
Gold,7.8,₺2.737,Kadıköy 10.8 km uzaklıkta
Hotel Grand Ünal,7.5,₺1.343,Kadıköy 11.1 km uzaklıkta
Inntel Hotel Istanbul,7.6,₺1.991,Kadıköy 10.6 km uzaklıkta
Levent Otel Istanbul,8.5,₺3.671,Kadıköy 12.8 km uzaklıkta
Hotel Blue Istanbul,6.6,₺746,Kadıköy 9.8 km uzaklıkta
Sultanahmet Çeşme,7.7,₺1.204,Kadıköy 9.6 km uzaklıkta
The Maestro Hotel,9.5,₺8.361,Kadıköy 9.6 km uzaklıkta
Hotel Le Mirage,7.4,₺2.200,Kadıköy 11.7 km uzaklıkta
Sorriso,7.4,₺1.755,Kadıköy 11.2 km uzaklıkta
Lavandula Hotel,7.0,₺2.410,Kadıköy 12.9 km uzaklıkta
Elephant Galata,8.2,₺2.029,Kadıköy 10.2 km uzaklıkta
Rhythm Hotel,6.9,₺784,Kadıköy 9.8 km uzaklıkta
Pembe Apart,7.4,₺1.127,Kadıköy 9.8 km uzaklıkta
Hotel Istanbul Comfort,6.8,₺1.224,Kadıköy 9.8 km uzaklıkta
Pera Rose,7.2,₺1.772,Kadıköy 10.7 km uzaklıkta
Dosso Dossi Hotels Downtown,8.4,₺2.897,Kadıköy 12.5 km uzaklıkta
Beyazit Palace Hotel,8.0,₺1.821,Kadıköy 10.7 km uzaklıkta
Renata Boutique,9.4,₺4.157,Kadıköy 11.6 km uzaklıkta
Sunlife Old City,7.8,₺2.556,Kadıköy 9.6 km uzaklıkta
Bekdaş,7.0,₺1.480,Kadıköy 10.7 km uzaklıkta
Maroon Pera,7.8,₺1.901,Kadıköy 10.7 km uzaklıkta
Peradays,9.6,₺2.211,Kadıköy 10.8 km uzaklıkta
Nuru Ziya Suites,8.7,₺1.880,Kadıköy 10.5 km uzaklıkta
Linda,5.0,₺2.055,Kadıköy 10.4 km uzaklıkta
Hotel Sahinler,7.1,₺1.781,Kadıköy 11.0 km uzaklıkta
Grand Sağcanlar,7.4,₺2.283,Kadıköy 11.1 km uzaklıkta
Art City Istanbul,6.4,₺691,Kadıköy 9.7 km uzaklıkta
Milano Hotel&SPA Sultanahmet,5.6,₺878,Kadıköy 10.4 km uzaklıkta
Heart Of Karaköy Istanbul,8.4,₺1.745,Kadıköy 10.1 km uzaklıkta
Oran Hotel Istanbul,7.3,₺1.817,Kadıköy 11.0 km uzaklıkta
Hotel Taximist,8.3,₺1.269,Kadıköy 10.7 km uzaklıkta
Laleli G,7.2,₺1.568,Kadıköy 10.9 km uzaklıkta
Hotel Grand Emir,6.5,₺1.274,Kadıköy 10.5 km uzaklıkta
Mansion By Cheers,7.8,₺1.860,Kadıköy 9.0 km uzaklıkta
Hotel Grand Beyazid,6.1,₺2.158,Kadıköy 10.4 km uzaklıkta
Sipahi,3.9,₺1.631,Kadıköy 9.3 km uzaklıkta
Hotel Grand Bazaar,8.0,₺1.311,Kadıköy 10.2 km uzaklıkta
Grand Kavi Hotel,9.0,₺1.451,Kadıköy 10.2 km uzaklıkta
Hampton By Hilton Istanbul Old City,8.7,₺2.315,Kadıköy 11.6 km uzaklıkta
Yigitalp Hotel,8.5,₺2.439,Kadıköy 11.1 km uzaklıkta
Istanbul Grand Aparts,6.7,₺1.127,Kadıköy 10.2 km uzaklıkta
Blisstanbul Hotel,8.3,₺2.301,Kadıköy 12.1 km uzaklıkta
Luna Suites Taksim,7.2,₺926,Kadıköy 10.6 km uzaklıkta
Grand Fatih Hotel,4.1,₺952,Kadıköy 9.8 km uzaklıkta
Delta Hotel Istanbul,7.0,₺1.732,Kadıköy 11.2 km uzaklıkta
River,7.3,₺2.753,Kadıköy 11.2 km uzaklıkta
TK Taxim Bosphorus Hotel,6.7,₺2.169,Kadıköy 10.7 km uzaklıkta
Hotel Antique,7.6,₺1.486,Kadıköy 9.3 km uzaklıkta
Serenity Hotel Istanbul,6.6,₺1.070,Kadıköy 9.6 km uzaklıkta
Taksim Line,5.6,₺2.174,Kadıköy 10.4 km uzaklıkta
Istanbul Paris,6.9,₺1.209,Kadıköy 9.7 km uzaklıkta
Unique Suite Hotel,6.4,₺1.132,Kadıköy 10.7 km uzaklıkta
Bankerhan,9.2,₺2.640,Kadıköy 10.3 km uzaklıkta
Benler Hotel Laleli Istanbul,8.0,₺1.568,Kadıköy 10.7 km uzaklıkta
Hotel Divani Ali,7.2,₺1.932,Kadıköy 10.1 km uzaklıkta
Hotel MOLA Galata,8.7,₺1.691,Kadıköy 10.8 km uzaklıkta
Martinenz,6.5,₺1.808,Kadıköy 11.0 km uzaklıkta
Hotel Ramada and Suites Istanbul Sisli,7.1,₺3.446,Kadıköy 12.8 km uzaklıkta
Mini House,5.9,₺868,Kadıköy 10.0 km uzaklıkta
Magnificent,6.3,₺1.037,Kadıköy 9.6 km uzaklıkta
Faros Hotel Taksim,7.8,₺2.883,Kadıköy 10.6 km uzaklıkta
Emirhan,9.3,₺1.304,Kadıköy 9.7 km uzaklıkta
Istanbul Trend,7.0,₺1.959,Kadıköy 11.2 km uzaklıkta
New Pera,7.7,₺1.652,Kadıköy 10.7 km uzaklıkta
Eterno Hotel,5.6,₺1.691,Kadıköy 10.6 km uzaklıkta
Frida Suites,8.7,₺3.161,Kadıköy 10.0 km uzaklıkta
Turvan,5.3,₺867,Kadıköy 9.7 km uzaklıkta
Hotel Grand Mark,6.9,₺1.361,Kadıköy 10.2 km uzaklıkta
Hotel Kumru,8.5,₺1.354,Kadıköy 9.7 km uzaklıkta
Hotel Hayriye Hanim Konagi,8.4,₺1.435,Kadıköy 10.8 km uzaklıkta
Hotel Wame Suite Nisantasi,7.8,₺2.429,Kadıköy 11.4 km uzaklıkta
Alpinn Hotel Due,8.4,₺2.041,Kadıköy 11.1 km uzaklıkta
Tulip City,6.8,₺2.325,Kadıköy 10.7 km uzaklıkta
La Villa,7.6,₺2.640,Kadıköy 10.6 km uzaklıkta
May Hotel Istanbul,6.4,₺1.257,Kadıköy 10.2 km uzaklıkta
Ottoman's Life Boutique Hotel,7.7,₺2.576,Kadıköy 12.1 km uzaklıkta
Balo,6.2,₺2.771,Kadıköy 10.7 km uzaklıkta
Ottoman Elegance Hotel,7.0,₺1.610,Kadıköy 9.8 km uzaklıkta
The Biancho Pera,6.6,₺2.301,Kadıköy 10.7 km uzaklıkta
Galata Grace,7.0,₺2.445,Kadıköy 10.8 km uzaklıkta
Selanikli Heybeliada,8.2,₺957,Kadıköy 11.5 km uzaklıkta
Skalion & Spa,8.0,₺1.700,Kadıköy 10.2 km uzaklıkta
Hotel Istanbul Dora,6.6,₺1.827,Kadıköy 11.0 km uzaklıkta
Won Plaza Otel,7.1,₺1.216,Kadıköy 11.1 km uzaklıkta
Kent,8.3,₺2.468,Kadıköy 10.7 km uzaklıkta
Eyfel,6.8,₺2.493,Kadıköy 11.0 km uzaklıkta
Meridiani Taksim Hotel,7.8,₺1.208,Kadıköy 11.1 km uzaklıkta
Morava Hotel,9.3,₺2.741,Kadıköy 10.3 km uzaklıkta
K Suites,6.2,₺2.733,Kadıköy 12.5 km uzaklıkta
The Grand Mira,8.4,₺2.284,Kadıköy 13.2 km uzaklıkta
My Home Sultanahmet,6.6,₺1.425,Kadıköy 9.9 km uzaklıkta
On Suite,6.9,₺1.753,Kadıköy 10.3 km uzaklıkta
Grand Ant Hotel,7.5,₺1.369,Kadıköy 11.2 km uzaklıkta
Meretto Laleli,8.9,₺2.989,Kadıköy 11.2 km uzaklıkta
Beethoven Senfoni Hotel,7.4,₺3.329,Kadıköy 11.1 km uzaklıkta
Istanbul My Assos Hotel,5.8,₺1.479,Kadıköy 10.4 km uzaklıkta
Mr Beyaz Butik Otel,8.1,₺3.028,Kadıköy 11.4 km uzaklıkta
Demiray Hotel,8.8,₺2.520,Kadıköy 9.9 km uzaklıkta
Elan,7.7,₺1.572,Kadıköy 10.7 km uzaklıkta
Taksim Maxwell,7.2,₺2.053,Kadıköy 10.6 km uzaklıkta
Kartal Palace Taksim Square,7.5,₺2.481,Kadıköy 10.5 km uzaklıkta
Pera Luna Residence,8.9,₺2.415,Kadıköy 10.5 km uzaklıkta
Goldensand Hotel,8.4,₺1.661,Kadıköy 10.2 km uzaklıkta
Kecik,6.6,₺1.216,Kadıköy 11.0 km uzaklıkta
Semsan,7.8,₺3.156,Kadıköy 10.9 km uzaklıkta
Fragments Hotel,9.0,₺2.037,Kadıköy 10.0 km uzaklıkta
Zurich Hotel,7.2,₺3.971,Kadıköy 11.0 km uzaklıkta
Borancik Suites,7.8,₺886,Kadıköy 10.6 km uzaklıkta
The Green Park Taksim,6.8,₺1.898,Kadıköy 10.6 km uzaklıkta
Harmony Hostel,8.8,₺4.638,Kadıköy 9.6 km uzaklıkta
Sabra Residence,7.1,₺1.988,Kadıköy 10.5 km uzaklıkta
Redamancy Hotel,4.3,₺1.185,Kadıköy 9.6 km uzaklıkta
Santefe,8.0,₺1.288,Kadıköy 10.3 km uzaklıkta
Hutsuite,7.2,₺998,Kadıköy 10.4 km uzaklıkta
Padova,7.1,₺1.675,Kadıköy 10.2 km uzaklıkta
Nex Hotel Istanbul City Center,9.8,₺3.122,Kadıköy 11.2 km uzaklıkta
Tayhan Hotel,6.7,₺1.187,Kadıköy 10.4 km uzaklıkta
Grand Cevahir Convention Center,7.1,₺4.048,Kadıköy 12.4 km uzaklıkta
Bilinc,6.9,₺1.771,Kadıköy 10.3 km uzaklıkta
Grand Hisar,6.5,₺2.319,Kadıköy 10.7 km uzaklıkta
Depiero Hotel Karakoy,7.3,₺1.686,Kadıköy 10.6 km uzaklıkta
Hotel Buyuk Sahinler,6.4,₺2.056,Kadıköy 10.8 km uzaklıkta
Comfort Elite Beyazit,7.6,₺2.898,Kadıköy 11.0 km uzaklıkta
Barin Hotel,7.5,₺1.591,Kadıköy 11.1 km uzaklıkta
Taksim Palmiye,5.5,₺644,Kadıköy 10.6 km uzaklıkta
Mahya Hotel,8.5,₺2.087,Kadıköy 10.7 km uzaklıkta
Suite Dreams Istanbul Hostel,7.4,₺863,Kadıköy 10.8 km uzaklıkta
Hotel Pera Capitol,7.2,₺4.997,Kadıköy 10.6 km uzaklıkta
Istanbul Town,7.8,₺3.221,Kadıköy 10.6 km uzaklıkta
Euro Plaza,5.6,₺2.727,Kadıköy 10.9 km uzaklıkta
Endican Beyazit Hotel,8.4,₺1.780,Kadıköy 10.4 km uzaklıkta
Ikonik The Public,8.6,₺3.129,Kadıköy 10.5 km uzaklıkta
Green Bird,4.9,₺855,Kadıköy 10.6 km uzaklıkta
Hotel Marmaray,6.7,₺1.403,Kadıköy 11.1 km uzaklıkta
Hotel Pera Tulip,7.1,₺1.380,Kadıköy 10.7 km uzaklıkta
Abel,7.0,₺1.666,Kadıköy 11.0 km uzaklıkta
Nova Plaza Park,6.3,₺2.222,Kadıköy 10.7 km uzaklıkta
The Fox Taksim,7.8,₺2.538,Kadıköy 10.9 km uzaklıkta
Atik Palas,8.1,₺1.939,Kadıköy 11.5 km uzaklıkta
Monaco,7.0,₺2.448,Kadıköy 10.9 km uzaklıkta
Doruk Palas Hotel,9.6,₺3.680,Kadıköy 10.7 km uzaklıkta
The Peraport Hotel,6.4,₺1.082,Kadıköy 10.7 km uzaklıkta
Hotel Shamrock,6.7,₺784,Kadıköy 10.6 km uzaklıkta
Bisetun,6.6,₺1.913,Kadıköy 11.3 km uzaklıkta
Upsuites,8.6,₺2.956,Kadıköy 11.8 km uzaklıkta
Villa Zurich Istanbul,8.9,₺2.387,Kadıköy 10.0 km uzaklıkta
Hotel Istanbul Apartments Istiklal,7.2,₺1.677,Kadıköy 10.2 km uzaklıkta
Historial,6.3,₺2.050,Kadıköy 10.2 km uzaklıkta
Hotel Alphonse,7.8,₺1.333,Kadıköy 10.3 km uzaklıkta
Dosso Dossi Hotels Laleli,7.6,₺1.588,Kadıköy 11.2 km uzaklıkta
Nanda Hotel,6.7,₺1.797,Kadıköy 10.8 km uzaklıkta
Rayelin Hotel Old City,9.1,₺3.924,Kadıköy 11.0 km uzaklıkta
Maya Aparts,6.0,₺2.029,Kadıköy 10.6 km uzaklıkta
House MOLA Galata,8.2,₺1.691,Kadıköy 10.4 km uzaklıkta
Beyzas Suites,6.7,₺1.439,Kadıköy 10.8 km uzaklıkta
BÇ Burhan Çaçan & Spa & Cafe,6.4,₺1.403,Kadıköy 11.1 km uzaklıkta
Istanbul Marriott Hotel Sisli,8.7,₺6.096,Kadıköy 12.2 km uzaklıkta
Tempo Hotel Çağlayan,8.6,₺2.538,Kadıköy 13.3 km uzaklıkta
